NUTS;GIVENNAME;COUNT;RANKING;SEX;YEAR
DE212;Anna;117;1;female;2015
DE212;Sophia;103;2;female;2015
DE212;Emilia;97;3;female;2015
DE212;Emma;86;4;female;2015
DE212;Mia;84;5;female;2015
DE212;Sophie;79;6;female;2015
DE212;Marie;79;6;female;2015
DE212;Laura;75;8;female;2015
DE212;Lena;72;9;female;2015
DE212;Johanna;72;9;female;2015
DE212;Charlotte;70;11;female;2015
DE212;Luisa;68;12;female;2015
DE212;Ella;66;13;female;2015
DE212;Helena;63;14;female;2015
DE212;Lina;61;15;female;2015
DE212;Amelie;61;15;female;2015
DE212;Antonia;61;15;female;2015
DE212;Hanna;56;18;female;2015
DE212;Lea;55;19;female;2015
DE212;Clara;55;19;female;2015
DE212;Mila;54;21;female;2015
DE212;Paula;54;21;female;2015
DE212;Hannah;54;21;female;2015
DE212;Theresa;53;24;female;2015
DE212;Sofia;51;25;female;2015
DE212;Magdalena;49;26;female;2015
DE212;Maria;48;27;female;2015
DE212;Julia;48;27;female;2015
DE212;Lara;47;29;female;2015
DE212;Greta;47;29;female;2015
DE212;Valentina;46;31;female;2015
DE212;Marlene;45;32;female;2015
DE212;Emily;45;32;female;2015
DE212;Sarah;43;34;female;2015
DE212;Sara;42;35;female;2015
DE212;Ida;42;35;female;2015
DE212;Elisa;42;35;female;2015
DE212;Isabella;41;38;female;2015
DE212;Victoria;40;39;female;2015
DE212;Leonie;40;39;female;2015
DE212;Frida;39;41;female;2015
DE212;Leni;39;41;female;2015
DE212;Elena;39;41;female;2015
DE212;Katharina;37;44;female;2015
DE212;Franziska;34;45;female;2015
DE212;Olivia;32;46;female;2015
DE212;Luise;32;46;female;2015
DE212;Nora;31;48;female;2015
DE212;Lisa;30;49;female;2015
DE212;Klara;30;49;female;2015
DE212;Louisa;30;49;female;2015
DE212;Lucia;30;49;female;2015
DE212;Eva;29;53;female;2015
DE212;Maya;29;53;female;2015
DE212;Josephine;28;55;female;2015
DE212;Zoe;27;56;female;2015
DE212;Elisabeth;27;56;female;2015
DE212;Elif;27;56;female;2015
DE212;Linda;26;59;female;2015
DE212;Carla;26;59;female;2015
DE212;Mathilda;26;59;female;2015
DE212;Rosalie;25;62;female;2015
DE212;Carlotta;25;62;female;2015
DE212;Lotta;25;62;female;2015
DE212;Melina;24;65;female;2015
DE212;Josefine;24;65;female;2015
DE212;Miriam;23;67;female;2015
DE212;Alina;23;67;female;2015
DE212;Pauline;22;69;female;2015
DE212;Maja;22;69;female;2015
DE212;Valerie;22;69;female;2015
DE212;Ava;21;72;female;2015
DE212;Mira;21;72;female;2015
DE212;Nina;20;74;female;2015
DE212;Stella;20;74;female;2015
DE212;Alma;20;74;female;2015
DE212;Anastasia;19;77;female;2015
DE212;Viktoria;19;77;female;2015
DE212;Frieda;19;77;female;2015
DE212;Alexandra;18;80;female;2015
DE212;Lilly;18;80;female;2015
DE212;Mina;18;80;female;2015
DE212;Aurelia;18;80;female;2015
DE212;Pia;17;84;female;2015
DE212;Fiona;17;84;female;2015
DE212;Amina;17;84;female;2015
DE212;Matilda;17;84;female;2015
DE212;Jasmin;17;84;female;2015
DE212;Luna;16;89;female;2015
DE212;Nele;16;89;female;2015
DE212;Paulina;16;89;female;2015
DE212;Romy;15;92;female;2015
DE212;Lia;15;92;female;2015
DE212;Annika;15;92;female;2015
DE212;Melissa;15;92;female;2015
DE212;Karla;15;92;female;2015
DE212;Mara;15;92;female;2015
DE212;Vanessa;14;98;female;2015
DE212;Felicitas;14;98;female;2015
DE212;Philippa;14;98;female;2015
DE212;Rosa;14;98;female;2015
DE212;Emilie;14;98;female;2015
DE212;Isabel;14;98;female;2015
DE212;+;14;98;female;2015
DE212;Marina;13;105;female;2015
DE212;Veronika;13;105;female;2015
DE212;Jana;12;107;female;2015
DE212;Tilda;12;107;female;2015
DE212;Elina;12;107;female;2015
DE212;Alicia;12;107;female;2015
DE212;Selina;12;107;female;2015
DE212;Milena;12;107;female;2015
DE212;Annabelle;11;113;female;2015
DE212;Giulia;11;113;female;2015
DE212;Samira;11;113;female;2015
DE212;Lilli;11;113;female;2015
DE212;Rebecca;11;113;female;2015
DE212;Helene;11;113;female;2015
DE212;Lorena;11;113;female;2015
DE212;Elsa;11;113;female;2015
DE212;Aurora;11;113;female;2015
DE212;Ela;10;122;female;2015
DE212;Diana;10;122;female;2015
DE212;Lucy;10;122;female;2015
DE212;Amalia;10;122;female;2015
DE212;Florentine;10;122;female;2015
DE212;Lana;10;122;female;2015
DE212;Selma;10;122;female;2015
DE212;Angelina;10;122;female;2015
DE212;Azra;10;122;female;2015
DE212;Alisa;10;122;female;2015
DE212;Nika;10;122;female;2015
DE212;Ronja;10;122;female;2015
DE212;Anni;9;134;female;2015
DE212;Martha;9;134;female;2015
DE212;Marla;9;134;female;2015
DE212;Livia;9;134;female;2015
DE212;Leyla;9;134;female;2015
DE212;Nela;9;134;female;2015
DE212;Isabelle;9;134;female;2015
DE212;Filippa;9;134;female;2015
DE212;Noemi;9;134;female;2015
DE212;Elise;8;143;female;2015
DE212;Emelie;8;143;female;2015
DE212;Melisa;8;143;female;2015
DE212;Alessia;8;143;female;2015
DE212;Ines;8;143;female;2015
DE212;Amanda;8;143;female;2015
DE212;Fatima;8;143;female;2015
DE212;Lotte;8;143;female;2015
DE212;Leah;8;143;female;2015
DE212;Dilara;8;143;female;2015
DE212;Amelia;8;143;female;2015
DE212;Juna;8;143;female;2015
DE212;Meryem;8;143;female;2015
DE212;Teresa;8;143;female;2015
DE212;Cecilia;8;143;female;2015
DE212;Christina;8;143;female;2015
DE212;Hana;8;143;female;2015
DE212;Aliya;8;143;female;2015
DE212;Nisa;8;143;female;2015
DE212;Thea;7;162;female;2015
DE212;Michelle;7;162;female;2015
DE212;Erika;7;162;female;2015
DE212;Maryam;7;162;female;2015
DE212;Helen;7;162;female;2015
DE212;Sonja;7;162;female;2015
DE212;Celina;7;162;female;2015
DE212;Esila;7;162;female;2015
DE212;Tabea;7;162;female;2015
DE212;Eliana;7;162;female;2015
DE212;Zeynep;7;162;female;2015
DE212;Louise;7;162;female;2015
DE212;Selin;7;162;female;2015
DE212;Celine;7;162;female;2015
DE212;Cataleya;7;162;female;2015
DE212;Carolin;7;162;female;2015
DE212;Milla;7;162;female;2015
DE212;Tessa;7;162;female;2015
DE212;Katarina;7;162;female;2015
DE212;Alissa;7;162;female;2015
DE212;Ayla;7;162;female;2015
DE212;Flora;7;162;female;2015
DE212;Julie;7;162;female;2015
DE212;Alea;7;162;female;2015
DE212;Eleonora;7;162;female;2015
DE212;Finja;7;162;female;2015
DE212;Jara;7;162;female;2015
DE212;Ana;7;162;female;2015
DE212;Letizia;7;162;female;2015
DE212;Elin;6;191;female;2015
DE212;Karolina;6;191;female;2015
DE212;Lola;6;191;female;2015
DE212;Ada;6;191;female;2015
DE212;Felia;6;191;female;2015
DE212;Eliza;6;191;female;2015
DE212;Alena;6;191;female;2015
DE212;Viola;6;191;female;2015
DE212;Laetitia;6;191;female;2015
DE212;Carolina;6;191;female;2015
DE212;Tuana;6;191;female;2015
DE212;Melek;6;191;female;2015
DE212;Amy;6;191;female;2015
DE212;Tara;6;191;female;2015
DE212;Caroline;6;191;female;2015
DE212;Emely;6;191;female;2015
DE212;Mathilde;6;191;female;2015
DE212;Liliana;6;191;female;2015
DE212;Leonora;6;191;female;2015
DE212;Chiara;6;191;female;2015
DE212;Rania;6;191;female;2015
DE212;Vivien;6;191;female;2015
DE212;Ellie;6;191;female;2015
DE212;Anais;6;191;female;2015
DE212;Asya;6;191;female;2015
DE212;Pina;6;191;female;2015
DE212;Aylin;6;191;female;2015
DE212;Elizabeth;5;218;female;2015
DE212;Ariana;5;218;female;2015
DE212;Svea;5;218;female;2015
DE212;Sina;5;218;female;2015
DE212;Freya;5;218;female;2015
DE212;Daria;5;218;female;2015
DE212;Marlena;5;218;female;2015
DE212;Noa;5;218;female;2015
DE212;Emmy;5;218;female;2015
DE212;Philine;5;218;female;2015
DE212;Valeria;5;218;female;2015
DE212;Zehra;5;218;female;2015
DE212;Juli;5;218;female;2015
DE212;Gabriela;5;218;female;2015
DE212;Patricia;5;218;female;2015
DE212;Esma;5;218;female;2015
DE212;Beren;5;218;female;2015
DE212;Medina;5;218;female;2015
DE212;Merle;5;218;female;2015
DE212;Adriana;5;218;female;2015
DE212;Annelie;5;218;female;2015
DE212;Mariella;5;218;female;2015
DE212;Lilian;5;218;female;2015
DE212;Nicole;5;218;female;2015
DE212;Henriette;5;218;female;2015
DE212;Mayla;5;218;female;2015
DE212;Hira;5;218;female;2015
DE212;Susanna;5;218;female;2015
DE212;Cleo;5;218;female;2015
DE212;Kristina;5;218;female;2015
DE212;Kiara;5;218;female;2015
DE212;Lili;5;218;female;2015
DE212;Penelope;5;218;female;2015
DE212;Zara;5;218;female;2015
DE212;Cosima;5;218;female;2015
DE212;Daniela;5;218;female;2015
DE212;Alice;5;218;female;2015
DE212;Vera;5;218;female;2015
DE212;Sana;5;218;female;2015
DE212;Charlotta;5;218;female;2015
DE212;Adele;5;218;female;2015
DE212;Mona;5;218;female;2015
DE212;Jessica;5;218;female;2015
DE212;Lily;4;261;female;2015
DE212;Lavinia;4;261;female;2015
DE212;Luana;4;261;female;2015
DE212;Miray;4;261;female;2015
DE212;Liah;4;261;female;2015
DE212;Malin;4;261;female;2015
DE212;Leticia;4;261;female;2015
DE212;Nila;4;261;female;2015
DE212;Thalia;4;261;female;2015
DE212;Sofija;4;261;female;2015
DE212;Juno;4;261;female;2015
DE212;Maira;4;261;female;2015
DE212;Raphaela;4;261;female;2015
DE212;Josephina;4;261;female;2015
DE212;Laila;4;261;female;2015
DE212;Heidi;4;261;female;2015
DE212;Lilia;4;261;female;2015
DE212;Alba;4;261;female;2015
DE212;Jule;4;261;female;2015
DE212;Estelle;4;261;female;2015
DE212;Rona;4;261;female;2015
DE212;Annie;4;261;female;2015
DE212;Judith;4;261;female;2015
DE212;Lucie;4;261;female;2015
DE212;Yasmin;4;261;female;2015
DE212;Smilla;4;261;female;2015
DE212;Juliane;4;261;female;2015
DE212;Delia;4;261;female;2015
DE212;Margarita;4;261;female;2015
DE212;Soraya;4;261;female;2015
DE212;Yael;4;261;female;2015
DE212;Zoey;4;261;female;2015
DE212;Adina;4;261;female;2015
DE212;Liya;4;261;female;2015
DE212;Kira;4;261;female;2015
DE212;Malak;4;261;female;2015
DE212;Alva;4;261;female;2015
DE212;Ioanna;4;261;female;2015
DE212;Annemarie;4;261;female;2015
DE212;Iva;4;261;female;2015
DE212;Elenor;4;261;female;2015
DE212;Fanni;4;261;female;2015
DE212;Amira;4;261;female;2015
DE212;Aliyah;4;261;female;2015
DE212;Nikolina;4;261;female;2015
DE212;Lora;4;261;female;2015
DE212;Kaja;4;261;female;2015
DE212;Anouk;4;261;female;2015
DE212;Alexa;4;261;female;2015
DE212;Karlotta;4;261;female;2015
DE212;Malia;4;261;female;2015
DE212;Yaren;4;261;female;2015
DE212;Mariam;4;261;female;2015
DE212;Felicia;4;261;female;2015
DE212;Ilaria;4;261;female;2015
DE212;Kim;4;261;female;2015
DE212;Michaela;4;261;female;2015
DE212;Rita;4;261;female;2015
DE212;Eleanor;4;261;female;2015
DE212;Enna;4;261;female;2015
DE212;Rana;4;261;female;2015
DE212;Yara;4;261;female;2015
DE212;Marlen;4;261;female;2015
DE212;Elli;4;261;female;2015
DE212;Beatrice;3;325;female;2015
DE212;Lenia;3;325;female;2015
DE212;Kiana;3;325;female;2015
DE212;Violetta;3;325;female;2015
DE212;Theodora;3;325;female;2015
DE212;Evelina;3;325;female;2015
DE212;Nuria;3;325;female;2015
DE212;Rafaela;3;325;female;2015
DE212;Samantha;3;325;female;2015
DE212;Leoni;3;325;female;2015
DE212;Jelena;3;325;female;2015
DE212;Celia;3;325;female;2015
DE212;Malena;3;325;female;2015
DE212;Jennifer;3;325;female;2015
DE212;Filipa;3;325;female;2015
DE212;Isra;3;325;female;2015
DE212;Wanda;3;325;female;2015
DE212;Clea;3;325;female;2015
DE212;Loana;3;325;female;2015
DE212;Ceyda;3;325;female;2015
DE212;Luzia;3;325;female;2015
DE212;Hayat;3;325;female;2015
DE212;Betül;3;325;female;2015
DE212;Ellen;3;325;female;2015
DE212;Polly;3;325;female;2015
DE212;Melia;3;325;female;2015
DE212;Anastasija;3;325;female;2015
DE212;Madina;3;325;female;2015
DE212;Martina;3;325;female;2015
DE212;Nefeli;3;325;female;2015
DE212;Käthe;3;325;female;2015
DE212;Tamara;3;325;female;2015
DE212;Anja;3;325;female;2015
DE212;Fenja;3;325;female;2015
DE212;Hazal;3;325;female;2015
DE212;Tamina;3;325;female;2015
DE212;Dina;3;325;female;2015
DE212;Ellis;3;325;female;2015
DE212;Malou;3;325;female;2015
DE212;Jenny;3;325;female;2015
DE212;Sila;3;325;female;2015
DE212;Aaliyah;3;325;female;2015
DE212;Zora;3;325;female;2015
DE212;Natalia;3;325;female;2015
DE212;Nala;3;325;female;2015
DE212;Cara;3;325;female;2015
DE212;Erina;3;325;female;2015
DE212;Neela;3;325;female;2015
DE212;Rina;3;325;female;2015
DE212;Alia;3;325;female;2015
DE212;Yasemin;3;325;female;2015
DE212;Flavia;3;325;female;2015
DE212;Jonna;3;325;female;2015
DE212;Lou;3;325;female;2015
DE212;Kimberly;3;325;female;2015
DE212;Florentina;3;325;female;2015
DE212;Milana;3;325;female;2015
DE212;Tanja;3;325;female;2015
DE212;Fabienne;3;325;female;2015
DE212;Eleni;3;325;female;2015
DE212;Neyla;3;325;female;2015
DE212;Sahra;3;325;female;2015
DE212;Lejla;3;325;female;2015
DE212;Adna;3;325;female;2015
DE212;Dana;3;325;female;2015
DE212;Andrea;3;325;female;2015
DE212;Naomi;3;325;female;2015
DE212;Aisha;3;325;female;2015
DE212;Afroditi;3;325;female;2015
DE212;Lilith;3;325;female;2015
DE212;Liv;3;325;female;2015
DE212;Nadia;3;325;female;2015
DE212;Merve;3;325;female;2015
DE212;Larissa;3;325;female;2015
DE212;Fatma;3;325;female;2015
DE212;Yasmine;3;325;female;2015
DE212;Dalia;3;325;female;2015
DE212;Romi;3;325;female;2015
DE212;Luzie;3;325;female;2015
DE212;Marianna;3;325;female;2015
DE212;Ece;3;325;female;2015
DE212;Evelyn;3;325;female;2015
DE212;Melanie;3;325;female;2015
DE212;Marisa;3;325;female;2015
DE212;Larin;3;325;female;2015
DE212;Claire;3;325;female;2015
DE212;Lamija;3;325;female;2015
DE212;Matilde;3;325;female;2015
DE212;Toni;3;325;female;2015
DE212;Marwa;3;325;female;2015
DE212;Georgia;3;325;female;2015
DE212;Malea;3;325;female;2015
DE212;Dorothea;3;325;female;2015
DE212;Ajla;3;325;female;2015
DE212;Fritzi;3;325;female;2015
DE212;Noemie;3;325;female;2015
DE212;Teodora;3;325;female;2015
DE212;Aleksandra;3;325;female;2015
DE212;Verena;3;325;female;2015
DE212;Anika;3;325;female;2015
DE212;Franka;3;325;female;2015
DE212;Neda;3;325;female;2015
DE212;Emmi;3;325;female;2015
DE212;Josefina;3;325;female;2015
DE212;Margaretha;3;325;female;2015
DE212;Florence;3;325;female;2015
DE212;Natalie;3;325;female;2015
DE212;Dimitra;3;325;female;2015
DE212;Morena;3;325;female;2015
DE212;Zuzanna;3;325;female;2015
DE212;Manuela;3;325;female;2015
DE212;Belinay;3;325;female;2015
DE212;Eda;3;325;female;2015
DE212;Anna-Maria;3;325;female;2015
DE212;Meyra;3;325;female;2015
DE212;Sandra;3;325;female;2015
DE212;Yasmina;3;325;female;2015
DE212;Esra;3;325;female;2015
DE212;Sarina;3;325;female;2015
DE212;Anisa;3;325;female;2015
DE212;Liana;3;325;female;2015
DE212;Melis;3;325;female;2015
DE212;Ayse;3;325;female;2015
DE212;Marta;2;448;female;2015
DE212;Dünya;2;448;female;2015
DE212;Constanze;2;448;female;2015
DE212;Annabel;2;448;female;2015
DE212;Ecrin;2;448;female;2015
DE212;Mahsa;2;448;female;2015
DE212;Eylül;2;448;female;2015
DE212;Nia;2;448;female;2015
DE212;Jovana;2;448;female;2015
DE212;Marley;2;448;female;2015
DE212;Lila;2;448;female;2015
DE212;Samanta;2;448;female;2015
DE212;Ema;2;448;female;2015
DE212;Angela;2;448;female;2015
DE212;Azzurra;2;448;female;2015
DE212;Hasret;2;448;female;2015
DE212;Annabell;2;448;female;2015
DE212;Jasmina;2;448;female;2015
DE212;Shirin;2;448;female;2015
DE212;Jonida;2;448;female;2015
DE212;Sahar;2;448;female;2015
DE212;Rajana;2;448;female;2015
DE212;Isabell;2;448;female;2015
DE212;Leandra;2;448;female;2015
DE212;Chloe;2;448;female;2015
DE212;Selen;2;448;female;2015
DE212;Albina;2;448;female;2015
DE212;Bleona;2;448;female;2015
DE212;Hilal;2;448;female;2015
DE212;Zuri;2;448;female;2015
DE212;Fleur;2;448;female;2015
DE212;Vivienne;2;448;female;2015
DE212;Larisa;2;448;female;2015
DE212;Kübra;2;448;female;2015
DE212;Raquel;2;448;female;2015
DE212;Hüma;2;448;female;2015
DE212;Jael;2;448;female;2015
DE212;Elisavet;2;448;female;2015
DE212;Sama;2;448;female;2015
DE212;Arianna;2;448;female;2015
DE212;Abigail;2;448;female;2015
DE212;Agatha;2;448;female;2015
DE212;Ceylin;2;448;female;2015
DE212;Petra;2;448;female;2015
DE212;Günes;2;448;female;2015
DE212;Defne;2;448;female;2015
DE212;Ekatherina;2;448;female;2015
DE212;Emina;2;448;female;2015
DE212;Felina;2;448;female;2015
DE212;Saphira;2;448;female;2015
DE212;Jane;2;448;female;2015
DE212;Laurie;2;448;female;2015
DE212;Mimi;2;448;female;2015
DE212;Dragana;2;448;female;2015
DE212;Alexia;2;448;female;2015
DE212;Camilla;2;448;female;2015
DE212;Janina;2;448;female;2015
DE212;Nathalie;2;448;female;2015
DE212;Minu;2;448;female;2015
DE212;Alejna;2;448;female;2015
DE212;Kaia;2;448;female;2015
DE212;Irem;2;448;female;2015
DE212;Katherina;2;448;female;2015
DE212;Lilou;2;448;female;2015
DE212;Layan;2;448;female;2015
DE212;Salome;2;448;female;2015
DE212;Elida;2;448;female;2015
DE212;Peri;2;448;female;2015
DE212;Sura;2;448;female;2015
DE212;Timea;2;448;female;2015
DE212;Talia;2;448;female;2015
DE212;Susanne;2;448;female;2015
DE212;Alana;2;448;female;2015
DE212;Gloria;2;448;female;2015
DE212;Alvina;2;448;female;2015
DE212;Kyra;2;448;female;2015
DE212;Lore;2;448;female;2015
DE212;Sumeja;2;448;female;2015
DE212;Ceren;2;448;female;2015
DE212;Ina;2;448;female;2015
DE212;Lene;2;448;female;2015
DE212;Aliki;2;448;female;2015
DE212;Marie-Sophie;2;448;female;2015
DE212;Freyja;2;448;female;2015
DE212;Rozalia;2;448;female;2015
DE212;Nayla;2;448;female;2015
DE212;Raffaela;2;448;female;2015
DE212;Loresa;2;448;female;2015
DE212;Marit;2;448;female;2015
DE212;Uma;2;448;female;2015
DE212;Assia;2;448;female;2015
DE212;Khadija;2;448;female;2015
DE212;Stina;2;448;female;2015
DE212;Felizitas;2;448;female;2015
DE212;Athanasia;2;448;female;2015
DE212;Celeste;2;448;female;2015
DE212;Madeleine;2;448;female;2015
DE212;Patrizia;2;448;female;2015
DE212;Carina;2;448;female;2015
DE212;Alyssa;2;448;female;2015
DE212;Gianna;2;448;female;2015
DE212;Serena;2;448;female;2015
DE212;Carmen;2;448;female;2015
DE212;Therese;2;448;female;2015
DE212;Irma;2;448;female;2015
DE212;Anabelle;2;448;female;2015
DE212;Amine;2;448;female;2015
DE212;Inaya;2;448;female;2015
DE212;Friederike;2;448;female;2015
DE212;Anne;2;448;female;2015
DE212;Emilija;2;448;female;2015
DE212;Ilayda;2;448;female;2015
DE212;Merjem;2;448;female;2015
DE212;Augustina;2;448;female;2015
DE212;Tiana;2;448;female;2015
DE212;Adelina;2;448;female;2015
DE212;Minna;2;448;female;2015
DE212;Eslem;2;448;female;2015
DE212;Nur;2;448;female;2015
DE212;Nahla;2;448;female;2015
DE212;Imani;2;448;female;2015
DE212;Lenja;2;448;female;2015
DE212;Elda;2;448;female;2015
DE212;Lielle;2;448;female;2015
DE212;Lillian;2;448;female;2015
DE212;Marija;2;448;female;2015
DE212;Yusra;2;448;female;2015
DE212;Ruth;2;448;female;2015
DE212;Violeta;2;448;female;2015
DE212;Ayleen;2;448;female;2015
DE212;Safiya;2;448;female;2015
DE212;Aleksija;2;448;female;2015
DE212;Jola;2;448;female;2015
DE212;Amani;2;448;female;2015
DE212;Milou;2;448;female;2015
DE212;Nola;2;448;female;2015
DE212;Sofie;2;448;female;2015
DE212;Ulla;2;448;female;2015
DE212;Stefanie;2;448;female;2015
DE212;Sienna;2;448;female;2015
DE212;Mireia;2;448;female;2015
DE212;Pelin;2;448;female;2015
DE212;Maila;2;448;female;2015
DE212;Alicja;2;448;female;2015
DE212;Yalda;2;448;female;2015
DE212;Bianca;2;448;female;2015
DE212;Iris;2;448;female;2015
DE212;Beyza;2;448;female;2015
DE212;Spogmai;2;448;female;2015
DE212;Jolina;2;448;female;2015
DE212;Klea;2;448;female;2015
DE212;Asma;2;448;female;2015
DE212;Ivana;2;448;female;2015
DE212;Hailey;2;448;female;2015
DE212;Katja;2;448;female;2015
DE212;Natali;2;448;female;2015
DE212;Rosemarie;2;448;female;2015
DE212;Lydia;2;448;female;2015
DE212;Lioba;2;448;female;2015
DE212;Amilia;2;448;female;2015
DE212;Charmaine;2;448;female;2015
DE212;Mayar;2;448;female;2015
DE212;Bella;2;448;female;2015
DE212;Alessa;2;448;female;2015
DE212;Rubina;2;448;female;2015
DE212;Anabel;2;448;female;2015
DE212;Karoline;2;448;female;2015
DE212;Karina;2;448;female;2015
DE212;Augusta;2;448;female;2015
DE212;Mathea;2;448;female;2015
DE212;Keira;2;448;female;2015
DE212;Yolanda;2;448;female;2015
DE212;Sofi;2;448;female;2015
DE212;Sabrina;2;448;female;2015
DE212;Francesca;2;448;female;2015
DE212;Riola;2;448;female;2015
DE212;Zoi;2;448;female;2015
DE212;Sude;2;448;female;2015
DE212;Hilda;2;448;female;2015
DE212;Anna-Lena;2;448;female;2015
DE212;Josepha;2;448;female;2015
DE212;Liesbeth;2;448;female;2015
DE212;Aleyna;2;448;female;2015
DE212;Annalena;2;448;female;2015
DE212;Leila;2;448;female;2015
DE212;Rachana;2;448;female;2015
DE212;Maia;2;448;female;2015
DE212;Ajna;2;448;female;2015
DE212;Eleonore;2;448;female;2015
DE212;Kalina;2;448;female;2015
DE212;Philomena;2;448;female;2015
DE212;Elly;2;448;female;2015
DE212;Emel;2;448;female;2015
DE212;Grace;2;448;female;2015
DE212;Grete;2;448;female;2015
DE212;Büsra;2;448;female;2015
DE212;Mahtab;2;448;female;2015
DE212;Nejla;2;448;female;2015
DE212;Elmas;2;448;female;2015
DE212;Aurelie;2;448;female;2015
DE212;Vlera;2;448;female;2015
DE212;Erva;2;448;female;2015
DE212;Edina;2;448;female;2015
DE212;Acelya;2;448;female;2015
DE212;Ipek;2;448;female;2015
DE212;Havva;2;448;female;2015
DE212;Nike;2;448;female;2015
DE212;Damla;2;448;female;2015
DE212;Sanvi;2;448;female;2015
DE212;Yade;2;448;female;2015
DE212;Rose;2;448;female;2015
DE212;Liyana;2;448;female;2015
DE212;Aida;2;448;female;2015
DE212;Leona;2;448;female;2015
DE212;Meriam;2;448;female;2015
DE212;Kinga;1;663;female;2015
DE212;Hasti;1;663;female;2015
DE212;Fendi;1;663;female;2015
DE212;Regina;1;663;female;2015
DE212;Edda;1;663;female;2015
DE212;Nermin;1;663;female;2015
DE212;Noor;1;663;female;2015
DE212;Sissi;1;663;female;2015
DE212;Uljana;1;663;female;2015
DE212;Marileen;1;663;female;2015
DE212;Era;1;663;female;2015
DE212;Louisan;1;663;female;2015
DE212;Lenie;1;663;female;2015
DE212;Rhalia;1;663;female;2015
DE212;Raverria;1;663;female;2015
DE212;Oshani;1;663;female;2015
DE212;Ngoc;1;663;female;2015
DE212;Kani;1;663;female;2015
DE212;Sumaya;1;663;female;2015
DE212;Serafina;1;663;female;2015
DE212;Minita;1;663;female;2015
DE212;Angeliki;1;663;female;2015
DE212;Adni;1;663;female;2015
DE212;Qihan;1;663;female;2015
DE212;Giselle;1;663;female;2015
DE212;Fouzia;1;663;female;2015
DE212;Matea;1;663;female;2015
DE212;Kashika;1;663;female;2015
DE212;Ekaterini;1;663;female;2015
DE212;Sudays;1;663;female;2015
DE212;Tzu-Yun;1;663;female;2015
DE212;Neva;1;663;female;2015
DE212;Latifa;1;663;female;2015
DE212;Sevde;1;663;female;2015
DE212;Truong;1;663;female;2015
DE212;Emilia-Mia;1;663;female;2015
DE212;Tamanna;1;663;female;2015
DE212;Diandra;1;663;female;2015
DE212;Beray;1;663;female;2015
DE212;Kristiana;1;663;female;2015
DE212;Lysann;1;663;female;2015
DE212;Incilay;1;663;female;2015
DE212;Nadine;1;663;female;2015
DE212;Janine;1;663;female;2015
DE212;Margot;1;663;female;2015
DE212;Klaudia;1;663;female;2015
DE212;Victoria-Maria;1;663;female;2015
DE212;Melinda;1;663;female;2015
DE212;Dilnaz;1;663;female;2015
DE212;Alaa;1;663;female;2015
DE212;Firdaus;1;663;female;2015
DE212;Ida-Marie;1;663;female;2015
DE212;Silvana;1;663;female;2015
DE212;Seynab;1;663;female;2015
DE212;Majla;1;663;female;2015
DE212;Estella;1;663;female;2015
DE212;Laila-Felicitas;1;663;female;2015
DE212;Paroas;1;663;female;2015
DE212;Munyemba;1;663;female;2015
DE212;Alesya;1;663;female;2015
DE212;Giorgia;1;663;female;2015
DE212;Evlina;1;663;female;2015
DE212;Aceliya;1;663;female;2015
DE212;Sadra;1;663;female;2015
DE212;Wiebke;1;663;female;2015
DE212;Agnes;1;663;female;2015
DE212;Söhret;1;663;female;2015
DE212;Arza;1;663;female;2015
DE212;Denya;1;663;female;2015
DE212;Irina;1;663;female;2015
DE212;Feline;1;663;female;2015
DE212;Maali;1;663;female;2015
DE212;Helin;1;663;female;2015
DE212;Caterina;1;663;female;2015
DE212;Siria;1;663;female;2015
DE212;Eugenia;1;663;female;2015
DE212;Ramella;1;663;female;2015
DE212;Minou;1;663;female;2015
DE212;Margarethe;1;663;female;2015
DE212;Marjan;1;663;female;2015
DE212;Coralie;1;663;female;2015
DE212;Clarissa;1;663;female;2015
DE212;Sakruthi;1;663;female;2015
DE212;Sarah-Sophie;1;663;female;2015
DE212;Hanja;1;663;female;2015
DE212;Derin;1;663;female;2015
DE212;Malina;1;663;female;2015
DE212;Joselyn;1;663;female;2015
DE212;Emmanuella;1;663;female;2015
DE212;Elodie;1;663;female;2015
DE212;Malijan;1;663;female;2015
DE212;Willow-Sophie;1;663;female;2015
DE212;Riccarda;1;663;female;2015
DE212;Ly;1;663;female;2015
DE212;Boroka;1;663;female;2015
DE212;Charlynne;1;663;female;2015
DE212;Christine;1;663;female;2015
DE212;Elisabet;1;663;female;2015
DE212;Zina;1;663;female;2015
DE212;Nadja;1;663;female;2015
DE212;Anjali;1;663;female;2015
DE212;Polina;1;663;female;2015
DE212;Amely;1;663;female;2015
DE212;Laily;1;663;female;2015
DE212;Phoenix;1;663;female;2015
DE212;Nyima;1;663;female;2015
DE212;Loni;1;663;female;2015
DE212;Jade-Sophia;1;663;female;2015
DE212;Hanneli;1;663;female;2015
DE212;Tonia;1;663;female;2015
DE212;Evdokya;1;663;female;2015
DE212;Celin;1;663;female;2015
DE212;Kousar;1;663;female;2015
DE212;Mia-Sophie;1;663;female;2015
DE212;Lillemore;1;663;female;2015
DE212;Beatrix;1;663;female;2015
DE212;Yurika;1;663;female;2015
DE212;Nerges;1;663;female;2015
DE212;Reda;1;663;female;2015
DE212;Dami;1;663;female;2015
DE212;Gamze;1;663;female;2015
DE212;Ninive;1;663;female;2015
DE212;Shanaia;1;663;female;2015
DE212;Verona;1;663;female;2015
DE212;Ran;1;663;female;2015
DE212;Ariane;1;663;female;2015
DE212;Ann;1;663;female;2015
DE212;Dzejla;1;663;female;2015
DE212;Alvin;1;663;female;2015
DE212;Alesja;1;663;female;2015
DE212;Racquel;1;663;female;2015
DE212;Surraya;1;663;female;2015
DE212;Marie-Jolie;1;663;female;2015
DE212;Nida;1;663;female;2015
DE212;Suhani;1;663;female;2015
DE212;Danijela;1;663;female;2015
DE212;Leyli;1;663;female;2015
DE212;Justine;1;663;female;2015
DE212;Erna;1;663;female;2015
DE212;Öykü;1;663;female;2015
DE212;Tereza;1;663;female;2015
DE212;Arwa;1;663;female;2015
DE212;Anida;1;663;female;2015
DE212;Gabriella;1;663;female;2015
DE212;Hawin;1;663;female;2015
DE212;Mavie;1;663;female;2015
DE212;Lu;1;663;female;2015
DE212;Evi;1;663;female;2015
DE212;Elfi;1;663;female;2015
DE212;Anna-Lorena;1;663;female;2015
DE212;Yoona;1;663;female;2015
DE212;Mitra;1;663;female;2015
DE212;Martin;1;663;female;2015
DE212;Hayrunnisa;1;663;female;2015
DE212;Jenaya;1;663;female;2015
DE212;Engji;1;663;female;2015
DE212;Adalyn;1;663;female;2015
DE212;Tamika;1;663;female;2015
DE212;Benedetta;1;663;female;2015
DE212;Miya;1;663;female;2015
DE212;Marlou;1;663;female;2015
DE212;Rayla;1;663;female;2015
DE212;Marika;1;663;female;2015
DE212;Ülkü;1;663;female;2015
DE212;Yuina;1;663;female;2015
DE212;Huyen-Thu;1;663;female;2015
DE212;Hridaya;1;663;female;2015
DE212;Helena-Danica;1;663;female;2015
DE212;Awesta;1;663;female;2015
DE212;Zeren;1;663;female;2015
DE212;Dorela;1;663;female;2015
DE212;Kevia;1;663;female;2015
DE212;Sandrella;1;663;female;2015
DE212;Mihrimah;1;663;female;2015
DE212;Enoma;1;663;female;2015
DE212;Zümra;1;663;female;2015
DE212;Soline;1;663;female;2015
DE212;Jessie;1;663;female;2015
DE212;Zeyneb;1;663;female;2015
DE212;Oya;1;663;female;2015
DE212;Nova;1;663;female;2015
DE212;Saher;1;663;female;2015
DE212;Hiranur;1;663;female;2015
DE212;Eliz;1;663;female;2015
DE212;Umaimah;1;663;female;2015
DE212;Misk;1;663;female;2015
DE212;Kanita;1;663;female;2015
DE212;Pippa;1;663;female;2015
DE212;Marie-Luise;1;663;female;2015
DE212;Javiera;1;663;female;2015
DE212;Tracy;1;663;female;2015
DE212;Inela;1;663;female;2015
DE212;Josefin;1;663;female;2015
DE212;Messi;1;663;female;2015
DE212;Sarvinoz;1;663;female;2015
DE212;Gherda;1;663;female;2015
DE212;Nikola;1;663;female;2015
DE212;Almas;1;663;female;2015
DE212;Adrienne;1;663;female;2015
DE212;Lilliana;1;663;female;2015
DE212;Nardin;1;663;female;2015
DE212;Annemieke;1;663;female;2015
DE212;Charlie;1;663;female;2015
DE212;Chariyar;1;663;female;2015
DE212;Kara;1;663;female;2015
DE212;Ernestine;1;663;female;2015
DE212;Zhdana;1;663;female;2015
DE212;Mirja;1;663;female;2015
DE212;Maram;1;663;female;2015
DE212;Jeske;1;663;female;2015
DE212;Felisha;1;663;female;2015
DE212;Mascha;1;663;female;2015
DE212;Martyna;1;663;female;2015
DE212;Ezda;1;663;female;2015
DE212;Eliorah;1;663;female;2015
DE212;Deora;1;663;female;2015
DE212;Junia;1;663;female;2015
DE212;Linfei;1;663;female;2015
DE212;Hilde;1;663;female;2015
DE212;Claudia;1;663;female;2015
DE212;Narges;1;663;female;2015
DE212;Olympia;1;663;female;2015
DE212;Asmara;1;663;female;2015
DE212;Asiya;1;663;female;2015
DE212;Amara;1;663;female;2015
DE212;Aru;1;663;female;2015
DE212;Moyinoluwa;1;663;female;2015
DE212;Monisa;1;663;female;2015
DE212;Mariel;1;663;female;2015
DE212;Alesa;1;663;female;2015
DE212;Hildan;1;663;female;2015
DE212;Defne-Alara;1;663;female;2015
DE212;Jiya;1;663;female;2015
DE212;Aysegül;1;663;female;2015
DE212;Deborah;1;663;female;2015
DE212;Snejana;1;663;female;2015
DE212;Urania;1;663;female;2015
DE212;Najat;1;663;female;2015
DE212;Amrei;1;663;female;2015
DE212;Micaela;1;663;female;2015
DE212;Tanushri;1;663;female;2015
DE212;Arsa;1;663;female;2015
DE212;Lisbeth;1;663;female;2015
DE212;Priya;1;663;female;2015
DE212;Jocelyne;1;663;female;2015
DE212;Khalida;1;663;female;2015
DE212;Dilajla;1;663;female;2015
DE212;Yella;1;663;female;2015
DE212;Tanem;1;663;female;2015
DE212;Bengü;1;663;female;2015
DE212;Iman;1;663;female;2015
DE212;Seyyidina;1;663;female;2015
DE212;Parisa;1;663;female;2015
DE212;Dudu;1;663;female;2015
DE212;Dejana;1;663;female;2015
DE212;Laina;1;663;female;2015
DE212;Kyara;1;663;female;2015
DE212;Lilla;1;663;female;2015
DE212;Meira;1;663;female;2015
DE212;Lanya;1;663;female;2015
DE212;Elisabeta;1;663;female;2015
DE212;Suraja;1;663;female;2015
DE212;Tila;1;663;female;2015
DE212;Jannat;1;663;female;2015
DE212;Aleksiya;1;663;female;2015
DE212;Hashmiya;1;663;female;2015
DE212;Medine;1;663;female;2015
DE212;Sudenur;1;663;female;2015
DE212;Maximilia;1;663;female;2015
DE212;Huberta;1;663;female;2015
DE212;Maimuna;1;663;female;2015
DE212;Eliska;1;663;female;2015
DE212;Ekin;1;663;female;2015
DE212;Ariyame;1;663;female;2015
DE212;Marieluis;1;663;female;2015
DE212;Elif-Mina;1;663;female;2015
DE212;Leonie-Emilia;1;663;female;2015
DE212;Rukan;1;663;female;2015
DE212;Radislava;1;663;female;2015
DE212;Perizade;1;663;female;2015
DE212;Daria-Gabriela;1;663;female;2015
DE212;Neve;1;663;female;2015
DE212;Sonea;1;663;female;2015
DE212;Mary-Lou;1;663;female;2015
DE212;Tijda;1;663;female;2015
DE212;Faadumo;1;663;female;2015
DE212;Aksaya;1;663;female;2015
DE212;Bianca-Sorina;1;663;female;2015
DE212;Philina;1;663;female;2015
DE212;Marei;1;663;female;2015
DE212;Manar;1;663;female;2015
DE212;Izel;1;663;female;2015
DE212;Ruo;1;663;female;2015
DE212;Maroua;1;663;female;2015
DE212;Waleria;1;663;female;2015
DE212;Yassmin;1;663;female;2015
DE212;Shenika;1;663;female;2015
DE212;Silvia;1;663;female;2015
DE212;Ennia;1;663;female;2015
DE212;Malaika;1;663;female;2015
DE212;Naima;1;663;female;2015
DE212;Aria;1;663;female;2015
DE212;Shalom;1;663;female;2015
DE212;Manasses;1;663;female;2015
DE212;Lina-Dieu;1;663;female;2015
DE212;Kulthum;1;663;female;2015
DE212;Ras;1;663;female;2015
DE212;Darya;1;663;female;2015
DE212;Berfin;1;663;female;2015
DE212;Justina;1;663;female;2015
DE212;Macarena;1;663;female;2015
DE212;Kerol;1;663;female;2015
DE212;Selenay-Aybige;1;663;female;2015
DE212;Juliana;1;663;female;2015
DE212;Mihana;1;663;female;2015
DE212;Natsuki;1;663;female;2015
DE212;Dea;1;663;female;2015
DE212;Amelie-Marie;1;663;female;2015
DE212;Hristina;1;663;female;2015
DE212;Felica;1;663;female;2015
DE212;Royem;1;663;female;2015
DE212;Elysa;1;663;female;2015
DE212;Anna-Valentina;1;663;female;2015
DE212;Melin;1;663;female;2015
DE212;Nandana;1;663;female;2015
DE212;Amna;1;663;female;2015
DE212;Loona;1;663;female;2015
DE212;Rajrajeshwari;1;663;female;2015
DE212;Levy;1;663;female;2015
DE212;Jilan;1;663;female;2015
DE212;Sonia;1;663;female;2015
DE212;Katerina;1;663;female;2015
DE212;Felie;1;663;female;2015
DE212;Alena-Sija;1;663;female;2015
DE212;Dihya;1;663;female;2015
DE212;Valeriia;1;663;female;2015
DE212;Esther;1;663;female;2015
DE212;Neha;1;663;female;2015
DE212;Maida;1;663;female;2015
DE212;Ginevra;1;663;female;2015
DE212;Federica;1;663;female;2015
DE212;Safira;1;663;female;2015
DE212;Louna;1;663;female;2015
DE212;Khanh;1;663;female;2015
DE212;Sameena;1;663;female;2015
DE212;Rouweda;1;663;female;2015
DE212;Güler;1;663;female;2015
DE212;Elham;1;663;female;2015
DE212;Josephin;1;663;female;2015
DE212;Sokhna;1;663;female;2015
DE212;Antonija;1;663;female;2015
DE212;Shania;1;663;female;2015
DE212;Nadin;1;663;female;2015
DE212;Ann-Sophie;1;663;female;2015
DE212;Huong;1;663;female;2015
DE212;Nehal;1;663;female;2015
DE212;Dominika;1;663;female;2015
DE212;Delvin;1;663;female;2015
DE212;Adeline;1;663;female;2015
DE212;Laetizia;1;663;female;2015
DE212;Katarzyna;1;663;female;2015
DE212;Erifyli;1;663;female;2015
DE212;Bozana;1;663;female;2015
DE212;Selnur;1;663;female;2015
DE212;Elouisa;1;663;female;2015
DE212;Lea-Sophie;1;663;female;2015
DE212;Vedanshi;1;663;female;2015
DE212;Yangyi;1;663;female;2015
DE212;Aziza;1;663;female;2015
DE212;Eveline;1;663;female;2015
DE212;Anica;1;663;female;2015
DE212;Sofiya;1;663;female;2015
DE212;Sherin;1;663;female;2015
DE212;Anna-Lia;1;663;female;2015
DE212;Raz;1;663;female;2015
DE212;Mayumi;1;663;female;2015
DE212;Ohne;1;663;female;2015
DE212;Precious;1;663;female;2015
DE212;Arin;1;663;female;2015
DE212;Fatou;1;663;female;2015
DE212;Eloisa;1;663;female;2015
DE212;Minahil;1;663;female;2015
DE212;Mazzy;1;663;female;2015
DE212;Suzjet;1;663;female;2015
DE212;Maelynn;1;663;female;2015
DE212;Sumeyra;1;663;female;2015
DE212;Phildorss;1;663;female;2015
DE212;Chayenna;1;663;female;2015
DE212;Loena;1;663;female;2015
DE212;Mehreen;1;663;female;2015
DE212;Lolina;1;663;female;2015
DE212;Chakira;1;663;female;2015
DE212;Mälessa;1;663;female;2015
DE212;Asula;1;663;female;2015
DE212;Piia;1;663;female;2015
DE212;Hermann;1;663;female;2015
DE212;Heliwan;1;663;female;2015
DE212;Chrisanthi;1;663;female;2015
DE212;Cheyenne;1;663;female;2015
DE212;Maham;1;663;female;2015
DE212;Mirijam;1;663;female;2015
DE212;Lamis;1;663;female;2015
DE212;Jamina;1;663;female;2015
DE212;Saskia;1;663;female;2015
DE212;Charlize;1;663;female;2015
DE212;Clementine;1;663;female;2015
DE212;Aishat;1;663;female;2015
DE212;Emilia-Sophie;1;663;female;2015
DE212;Lander;1;663;female;2015
DE212;Margarete;1;663;female;2015
DE212;Djummana;1;663;female;2015
DE212;Kayra;1;663;female;2015
DE212;Testimony;1;663;female;2015
DE212;Leksha;1;663;female;2015
DE212;Lorisa;1;663;female;2015
DE212;Irene;1;663;female;2015
DE212;Lejandra;1;663;female;2015
DE212;Titiksha;1;663;female;2015
DE212;Mary;1;663;female;2015
DE212;Dschuri;1;663;female;2015
DE212;Hivia;1;663;female;2015
DE212;Delin;1;663;female;2015
DE212;Madita;1;663;female;2015
DE212;Teja;1;663;female;2015
DE212;Maline;1;663;female;2015
DE212;Nabila;1;663;female;2015
DE212;Estefania;1;663;female;2015
DE212;Tavya;1;663;female;2015
DE212;Magdalena-Sophia;1;663;female;2015
DE212;Renda;1;663;female;2015
DE212;Shaliz;1;663;female;2015
DE212;Warin;1;663;female;2015
DE212;Theresa-Marie;1;663;female;2015
DE212;Rivera;1;663;female;2015
DE212;Julika;1;663;female;2015
DE212;Talya;1;663;female;2015
DE212;Ogele;1;663;female;2015
DE212;Beneditta;1;663;female;2015
DE212;Roberta;1;663;female;2015
DE212;Olga;1;663;female;2015
DE212;Theresia;1;663;female;2015
DE212;Anneluise;1;663;female;2015
DE212;Firuze;1;663;female;2015
DE212;Meva;1;663;female;2015
DE212;Emma-Luisa;1;663;female;2015
DE212;Isalie;1;663;female;2015
DE212;Kazhen;1;663;female;2015
DE212;Eylem;1;663;female;2015
DE212;Stamatia;1;663;female;2015
DE212;Vinnie;1;663;female;2015
DE212;Eleonie;1;663;female;2015
DE212;Solongo;1;663;female;2015
DE212;Sine;1;663;female;2015
DE212;Antigoni;1;663;female;2015
DE212;Kewser;1;663;female;2015
DE212;Henny;1;663;female;2015
DE212;Evian;1;663;female;2015
DE212;Esna;1;663;female;2015
DE212;Sabela;1;663;female;2015
DE212;Emba;1;663;female;2015
DE212;Chikako;1;663;female;2015
DE212;Nora-Marit;1;663;female;2015
DE212;Aymina;1;663;female;2015
DE212;Karen;1;663;female;2015
DE212;Jade;1;663;female;2015
DE212;Ivy;1;663;female;2015
DE212;Humna;1;663;female;2015
DE212;Elena-Alexa;1;663;female;2015
DE212;Deetya;1;663;female;2015
DE212;Darija;1;663;female;2015
DE212;Audrey;1;663;female;2015
DE212;Nush;1;663;female;2015
DE212;Xinchi;1;663;female;2015
DE212;Riina;1;663;female;2015
DE212;Miria;1;663;female;2015
DE212;Margaux;1;663;female;2015
DE212;Kaori;1;663;female;2015
DE212;Marleen;1;663;female;2015
DE212;Weronika;1;663;female;2015
DE212;Ensa;1;663;female;2015
DE212;Heliana;1;663;female;2015
DE212;Maha;1;663;female;2015
DE212;Annette;1;663;female;2015
DE212;Nejiba;1;663;female;2015
DE212;Konstantina;1;663;female;2015
DE212;Vaya;1;663;female;2015
DE212;Zümra-Gül;1;663;female;2015
DE212;Daniyah;1;663;female;2015
DE212;Mumtas;1;663;female;2015
DE212;Izabela;1;663;female;2015
DE212;Ilajda;1;663;female;2015
DE212;Jeeva;1;663;female;2015
DE212;Josy;1;663;female;2015
DE212;Larimar;1;663;female;2015
DE212;Rahini;1;663;female;2015
DE212;Ushmil;1;663;female;2015
DE212;Nilay;1;663;female;2015
DE212;Rhea;1;663;female;2015
DE212;Leana;1;663;female;2015
DE212;Filomena;1;663;female;2015
DE212;Merlinde;1;663;female;2015
DE212;Rahma;1;663;female;2015
DE212;Ann-Kristin;1;663;female;2015
DE212;Nura;1;663;female;2015
DE212;Nehir;1;663;female;2015
DE212;Denise;1;663;female;2015
DE212;Alisha;1;663;female;2015
DE212;Ahu;1;663;female;2015
DE212;Oghosa;1;663;female;2015
DE212;Hermela;1;663;female;2015
DE212;Jia;1;663;female;2015
DE212;Meys;1;663;female;2015
DE212;Malikan;1;663;female;2015
DE212;Anarie;1;663;female;2015
DE212;Lovren;1;663;female;2015
DE212;Charlotka;1;663;female;2015
DE212;Catalea-Jolie;1;663;female;2015
DE212;Roksana;1;663;female;2015
DE212;Enisa;1;663;female;2015
DE212;Alessandra;1;663;female;2015
DE212;Thao;1;663;female;2015
DE212;Ottilie;1;663;female;2015
DE212;Nour;1;663;female;2015
DE212;Dimen;1;663;female;2015
DE212;Aisse;1;663;female;2015
DE212;Oghogho;1;663;female;2015
DE212;Savreen;1;663;female;2015
DE212;Jenedy;1;663;female;2015
DE212;Alhanouf;1;663;female;2015
DE212;Hayma;1;663;female;2015
DE212;Afarin;1;663;female;2015
DE212;Adalynn;1;663;female;2015
DE212;Nevio;1;663;female;2015
DE212;Nava;1;663;female;2015
DE212;Lis;1;663;female;2015
DE212;Jella;1;663;female;2015
DE212;Leonor;1;663;female;2015
DE212;Erisa;1;663;female;2015
DE212;Salama;1;663;female;2015
DE212;Hedda;1;663;female;2015
DE212;Hadia;1;663;female;2015
DE212;Esperanza;1;663;female;2015
DE212;Leia;1;663;female;2015
DE212;Jeraldine;1;663;female;2015
DE212;Emma-Valentina;1;663;female;2015
DE212;Luhanna;1;663;female;2015
DE212;Siranda;1;663;female;2015
DE212;Nuosi;1;663;female;2015
DE212;Umamah;1;663;female;2015
DE212;Jemila;1;663;female;2015
DE212;Ingrid;1;663;female;2015
DE212;Lyla;1;663;female;2015
DE212;Denisa;1;663;female;2015
DE212;Zazou;1;663;female;2015
DE212;Erjeta;1;663;female;2015
DE212;Diljene;1;663;female;2015
DE212;Majar;1;663;female;2015
DE212;Linja;1;663;female;2015
DE212;Zoe-Marielle;1;663;female;2015
DE212;Rosemary;1;663;female;2015
DE212;Viet;1;663;female;2015
DE212;Soley;1;663;female;2015
DE212;Ajlana;1;663;female;2015
DE212;Kaho;1;663;female;2015
DE212;Floris;1;663;female;2015
DE212;Jesa;1;663;female;2015
DE212;Jannica;1;663;female;2015
DE212;Asel;1;663;female;2015
DE212;Sema;1;663;female;2015
DE212;Vlada;1;663;female;2015
DE212;Eviana;1;663;female;2015
DE212;Zimeng;1;663;female;2015
DE212;Dunya;1;663;female;2015
DE212;Solveig;1;663;female;2015
DE212;Ayda;1;663;female;2015
DE212;Madison;1;663;female;2015
DE212;Halina;1;663;female;2015
DE212;Kaylin;1;663;female;2015
DE212;Maliha;1;663;female;2015
DE212;Kenza;1;663;female;2015
DE212;Florine;1;663;female;2015
DE212;Filiz;1;663;female;2015
DE212;Jona;1;663;female;2015
DE212;Naxhie;1;663;female;2015
DE212;Nilla;1;663;female;2015
DE212;Keona;1;663;female;2015
DE212;Muriel;1;663;female;2015
DE212;Summer;1;663;female;2015
DE212;Yelena;1;663;female;2015
DE212;Magda;1;663;female;2015
DE212;Eadie;1;663;female;2015
DE212;Adeena;1;663;female;2015
DE212;Emine;1;663;female;2015
DE212;Sodaba;1;663;female;2015
DE212;Ekamprit;1;663;female;2015
DE212;Daphne;1;663;female;2015
DE212;Bea;1;663;female;2015
DE212;Luzi;1;663;female;2015
DE212;Raana;1;663;female;2015
DE212;Anaya;1;663;female;2015
DE212;Linnea;1;663;female;2015
DE212;Lif;1;663;female;2015
DE212;Gaia;1;663;female;2015
DE212;Uliana;1;663;female;2015
DE212;Aristea;1;663;female;2015
DE212;Arlira;1;663;female;2015
DE212;Roumaysa;1;663;female;2015
DE212;Aurin;1;663;female;2015
DE212;Nives;1;663;female;2015
DE212;Mariela;1;663;female;2015
DE212;Ersinda;1;663;female;2015
DE212;Danae;1;663;female;2015
DE212;Cindarella;1;663;female;2015
DE212;Ensar;1;663;female;2015
DE212;Ayni;1;663;female;2015
DE212;Maike;1;663;female;2015
DE212;Vida;1;663;female;2015
DE212;Marianne;1;663;female;2015
DE212;Mei;1;663;female;2015
DE212;Maybell;1;663;female;2015
DE212;Reona;1;663;female;2015
DE212;Nejra;1;663;female;2015
DE212;Alix;1;663;female;2015
DE212;Malika;1;663;female;2015
DE212;Katalina;1;663;female;2015
DE212;Buna;1;663;female;2015
DE212;Saliha;1;663;female;2015
DE212;Kira-Ly;1;663;female;2015
DE212;Flora-Theresa;1;663;female;2015
DE212;Ward;1;663;female;2015
DE212;Semanur;1;663;female;2015
DE212;Theresa-Sophie;1;663;female;2015
DE212;Cynthia;1;663;female;2015
DE212;Konstantin;1;663;female;2015
DE212;Ella-Marie;1;663;female;2015
DE212;Cerise;1;663;female;2015
DE212;Antonina;1;663;female;2015
DE212;Annalisa;1;663;female;2015
DE212;Andela;1;663;female;2015
DE212;Rosi;1;663;female;2015
DE212;Dzenisa;1;663;female;2015
DE212;Noela;1;663;female;2015
DE212;Laia;1;663;female;2015
DE212;Lilyana;1;663;female;2015
DE212;Jelisaveta;1;663;female;2015
DE212;Orela;1;663;female;2015
DE212;Gül;1;663;female;2015
DE212;Fabiola;1;663;female;2015
DE212;Rejoice;1;663;female;2015
DE212;Chanel-Ceca;1;663;female;2015
DE212;Nikole;1;663;female;2015
DE212;Nica;1;663;female;2015
DE212;Tugce;1;663;female;2015
DE212;Fathiyah;1;663;female;2015
DE212;Aybüke;1;663;female;2015
DE212;Bushra;1;663;female;2015
DE212;Arohi;1;663;female;2015
DE212;Tatjana;1;663;female;2015
DE212;Monika;1;663;female;2015
DE212;Zohra;1;663;female;2015
DE212;Zayneb;1;663;female;2015
DE212;Tyra;1;663;female;2015
DE212;Yuna;1;663;female;2015
DE212;Anahita;1;663;female;2015
DE212;Aminah;1;663;female;2015
DE212;Nomi;1;663;female;2015
DE212;Doroteja;1;663;female;2015
DE212;Delina;1;663;female;2015
DE212;Reka;1;663;female;2015
DE212;Roa;1;663;female;2015
DE212;Myrto;1;663;female;2015
DE212;Myla;1;663;female;2015
DE212;Salle;1;663;female;2015
DE212;Jwana;1;663;female;2015
DE212;Arsema;1;663;female;2015
DE212;Yisu;1;663;female;2015
DE212;Mandana;1;663;female;2015
DE212;Yuexuan;1;663;female;2015
DE212;Imma;1;663;female;2015
DE212;Georgina;1;663;female;2015
DE212;Amalie;1;663;female;2015
DE212;Scarlett;1;663;female;2015
DE212;Minela;1;663;female;2015
DE212;Ilyin;1;663;female;2015
DE212;Jasmine;1;663;female;2015
DE212;Felicity;1;663;female;2015
DE212;Noni;1;663;female;2015
DE212;Ikra;1;663;female;2015
DE212;Shai-Liva;1;663;female;2015
DE212;Elona;1;663;female;2015
DE212;Sunya;1;663;female;2015
DE212;Riana;1;663;female;2015
DE212;Ivayla;1;663;female;2015
DE212;Marjam;1;663;female;2015
DE212;Zejneb;1;663;female;2015
DE212;Eiliyah;1;663;female;2015
DE212;Lorelay;1;663;female;2015
DE212;Kalliopi;1;663;female;2015
DE212;Marlies;1;663;female;2015
DE212;Maritta;1;663;female;2015
DE212;Vicencia;1;663;female;2015
DE212;Serah;1;663;female;2015
DE212;Daryana-Mina;1;663;female;2015
DE212;Adwiti;1;663;female;2015
DE212;Bilan;1;663;female;2015
DE212;Luiza-Maria;1;663;female;2015
DE212;Serafima;1;663;female;2015
DE212;Josefa;1;663;female;2015
DE212;Svenja;1;663;female;2015
DE212;Marva;1;663;female;2015
DE212;Nelly;1;663;female;2015
DE212;Dorena;1;663;female;2015
DE212;Saira;1;663;female;2015
DE212;Idil;1;663;female;2015
DE212;Liva;1;663;female;2015
DE212;Hailey-Mariella;1;663;female;2015
DE212;Tanvi;1;663;female;2015
DE212;Tanja-Anjali;1;663;female;2015
DE212;Maryem;1;663;female;2015
DE212;Viviana;1;663;female;2015
DE212;Odessa;1;663;female;2015
DE212;Clemence;1;663;female;2015
DE212;Sarah-Mira;1;663;female;2015
DE212;Katinka;1;663;female;2015
DE212;Antonie;1;663;female;2015
DE212;Shayma;1;663;female;2015
DE212;Sharon;1;663;female;2015
DE212;Merjema;1;663;female;2015
DE212;Andjela;1;663;female;2015
DE212;Neris;1;663;female;2015
DE212;Shiyu;1;663;female;2015
DE212;Hristiyana;1;663;female;2015
DE212;Misha;1;663;female;2015
DE212;Rabia;1;663;female;2015
DE212;Lucille;1;663;female;2015
DE212;Anneputri;1;663;female;2015
DE212;Anita-Sorina;1;663;female;2015
DE212;Daniah;1;663;female;2015
DE212;Aymira;1;663;female;2015
DE212;Inga;1;663;female;2015
DE212;Ioana;1;663;female;2015
DE212;Minke;1;663;female;2015
DE212;Leonore;1;663;female;2015
DE212;Anneliese;1;663;female;2015
DE212;Veronica;1;663;female;2015
DE212;Lidia;1;663;female;2015
DE212;Anila;1;663;female;2015
DE212;Hanin;1;663;female;2015
DE212;Nejma;1;663;female;2015
DE212;Abdilahi;1;663;female;2015
DE212;Alona;1;663;female;2015
DE212;Adji;1;663;female;2015
DE212;Lillith;1;663;female;2015
DE212;Gioia;1;663;female;2015
DE212;Sanija;1;663;female;2015
DE212;Leonie-Sophie;1;663;female;2015
DE212;Nuoyi;1;663;female;2015
DE212;Norelhuda;1;663;female;2015
DE212;Nikki;1;663;female;2015
DE212;Annammya;1;663;female;2015
DE212;Feenja;1;663;female;2015
DE212;Layaan;1;663;female;2015
DE212;Nanei;1;663;female;2015
DE212;Vittoria;1;663;female;2015
DE212;Eroela;1;663;female;2015
DE212;Basma;1;663;female;2015
DE212;Vian;1;663;female;2015
DE212;Hevin;1;663;female;2015
DE212;Mursal;1;663;female;2015
DE212;Kristanna;1;663;female;2015
DE212;Erblina;1;663;female;2015
DE212;Ellena;1;663;female;2015
DE212;Elea;1;663;female;2015
DE212;Lina-Yassmin;1;663;female;2015
DE212;Bedatrayi;1;663;female;2015
DE212;Vasilena;1;663;female;2015
DE212;Tirza;1;663;female;2015
DE212;Danielle;1;663;female;2015
DE212;Ceylan;1;663;female;2015
DE212;Begüm;1;663;female;2015
DE212;Zoya;1;663;female;2015
DE212;Sylvana;1;663;female;2015
DE212;Jinxiu;1;663;female;2015
DE212;Rebeka;1;663;female;2015
DE212;Jemima;1;663;female;2015
DE212;Frederike;1;663;female;2015
DE212;Fenia;1;663;female;2015
DE212;Lorelei;1;663;female;2015
DE212;Joly;1;663;female;2015
DE212;Gülseven;1;663;female;2015
DE212;Anuela;1;663;female;2015
DE212;Anastasia-Aurelia;1;663;female;2015
DE212;Mahia;1;663;female;2015
DE212;Linya;1;663;female;2015
DE212;Raphaela-Laura;1;663;female;2015
DE212;Chlöe;1;663;female;2015
DE212;Büsra-Nur;1;663;female;2015
DE212;Rocca;1;663;female;2015
DE212;Selena;1;663;female;2015
DE212;Ecrinnaz;1;663;female;2015
DE212;Lara-Sophie;1;663;female;2015
DE212;Evatef;1;663;female;2015
DE212;Almasani;1;663;female;2015
DE212;Madlen;1;663;female;2015
DE212;Lykke;1;663;female;2015
DE212;Aanya;1;663;female;2015
DE212;Tijana;1;663;female;2015
DE212;Sarai;1;663;female;2015
DE212;Xi;1;663;female;2015
DE212;Annastasia;1;663;female;2015
DE212;Anays;1;663;female;2015
DE212;Daryna;1;663;female;2015
DE212;Reet;1;663;female;2015
DE212;Efsun;1;663;female;2015
DE212;Angelina-Maria;1;663;female;2015
DE212;Aldijana;1;663;female;2015
DE212;Irmak;1;663;female;2015
DE212;Safiye;1;663;female;2015
DE212;Miaoxi;1;663;female;2015
DE212;Raluca-Alina;1;663;female;2015
DE212;Rim;1;663;female;2015
DE212;Alissya;1;663;female;2015
DE212;Aelet;1;663;female;2015
DE212;Berra;1;663;female;2015
DE212;Berin;1;663;female;2015
DE212;Aya;1;663;female;2015
DE212;Aveline;1;663;female;2015
DE212;Faryal;1;663;female;2015
DE212;Manasakshi;1;663;female;2015
DE212;Dadiel;1;663;female;2015
DE212;Phaedra;1;663;female;2015
DE212;Lea-Marie;1;663;female;2015
DE212;Zita;1;663;female;2015
DE212;Rama;1;663;female;2015
DE212;Apollonia;1;663;female;2015
DE212;Dorra;1;663;female;2015
DE212;Andriana;1;663;female;2015
DE212;Safi;1;663;female;2015
DE212;Suna;1;663;female;2015
DE212;Tima;1;663;female;2015
DE212;Soumia;1;663;female;2015
DE212;Elanaz;1;663;female;2015
DE212;Salam;1;663;female;2015
DE212;Malisa;1;663;female;2015
DE212;Dardana;1;663;female;2015
DE212;Elisya;1;663;female;2015
DE212;Aelia;1;663;female;2015
DE212;Talea;1;663;female;2015
DE212;Shanaya;1;663;female;2015
DE212;Hedi;1;663;female;2015
DE212;Hao;1;663;female;2015
DE212;Lustina;1;663;female;2015
DE212;Yardiana;1;663;female;2015
DE212;Miwa;1;663;female;2015
DE212;Laureta;1;663;female;2015
DE212;Rosie;1;663;female;2015
DE212;Negar;1;663;female;2015
DE212;Okeoghene;1;663;female;2015
DE212;Jiaqi;1;663;female;2015
DE212;Yunhan;1;663;female;2015
DE212;Janeta;1;663;female;2015
DE212;Wally;1;663;female;2015
DE212;Jada;1;663;female;2015
DE212;Lian;1;663;female;2015
DE212;Gesa;1;663;female;2015
DE212;Mehek;1;663;female;2015
DE212;Tina;1;663;female;2015
DE212;Emmanuelle;1;663;female;2015
DE212;Emili;1;663;female;2015
DE212;Ekaterina;1;663;female;2015
DE212;Pehriye;1;663;female;2015
DE212;Noursin;1;663;female;2015
DE212;Laura-Maria;1;663;female;2015
DE212;Arijana;1;663;female;2015
DE212;Mihaela;1;663;female;2015
DE212;Donja;1;663;female;2015
DE212;Rachel;1;663;female;2015
DE212;Sajma;1;663;female;2015
DE212;Soliyana;1;663;female;2015
DE212;Annouk;1;663;female;2015
DE212;Seraphina;1;663;female;2015
DE212;Inci-Ask;1;663;female;2015
DE212;Evora;1;663;female;2015
DE212;Hannah-Luise;1;663;female;2015
DE212;Ajana;1;663;female;2015
DE212;Clara-Marie;1;663;female;2015
DE212;Rogaya;1;663;female;2015
DE212;Vitus;1;663;female;2015
DE212;Fatmanur;1;663;female;2015
DE212;Asenath;1;663;female;2015
DE212;Masal;1;663;female;2015
DE212;Anaaf;1;663;female;2015
DE212;Liona-Sole;1;663;female;2015
DE212;Lamya;1;663;female;2015
DE212;Israa;1;663;female;2015
DE212;Pia-Sophie;1;663;female;2015
DE212;Asia;1;663;female;2015
DE212;Arina;1;663;female;2015
DE212;Ariadni;1;663;female;2015
DE212;Negin;1;663;female;2015
DE212;Ena;1;663;female;2015
DE212;Maxima;1;663;female;2015
DE212;Jolanda;1;663;female;2015
DE212;Ruqeia;1;663;female;2015
DE212;Caralinda;1;663;female;2015
DE212;Elisa-Julia;1;663;female;2015
DE212;Dashin;1;663;female;2015
DE212;Inci;1;663;female;2015
DE212;Lennja;1;663;female;2015
DE212;Treasure;1;663;female;2015
DE212;Mukadder;1;663;female;2015
DE212;Olaya;1;663;female;2015
DE212;Katrina;1;663;female;2015
DE212;Frederika;1;663;female;2015
DE212;Fidelia;1;663;female;2015
DE212;Felipa;1;663;female;2015
DE212;Schabnam;1;663;female;2015
DE212;Sol;1;663;female;2015
DE212;Sara-Marie;1;663;female;2015
DE212;Sadaf;1;663;female;2015
DE212;Angeline;1;663;female;2015
DE212;Ajsa;1;663;female;2015
DE212;Myra;1;663;female;2015
DE212;Lawinia;1;663;female;2015
DE212;Marilen;1;663;female;2015
DE212;Wiktoria;1;663;female;2015
DE212;Chelsea;1;663;female;2015
DE212;Rumy;1;663;female;2015
DE212;Astrid;1;663;female;2015
DE212;Zofia;1;663;female;2015
DE212;Undine;1;663;female;2015
DE212;Amerina;1;663;female;2015
DE212;Sabina;1;663;female;2015
DE212;Ebru;1;663;female;2015
DE212;Amber;1;663;female;2015
DE212;Lika;1;663;female;2015
DE212;Hibo;1;663;female;2015
DE212;Firdes;1;663;female;2015
DE212;Felicita;1;663;female;2015
DE212;Hewlin;1;663;female;2015
DE212;Iga;1;663;female;2015
DE212;Jueun;1;663;female;2015
DE212;Leange;1;663;female;2015
DE212;Lavania;1;663;female;2015
DE212;Samar;1;663;female;2015
DE212;Jolantha;1;663;female;2015
DE212;Mali;1;663;female;2015
DE212;Jenni;1;663;female;2015
DE212;Feyzan;1;663;female;2015
DE212;Sessi;1;663;female;2015
DE212;Ema-Glorija;1;663;female;2015
DE212;Hannalena;1;663;female;2015
DE212;Cilia;1;663;female;2015
DE212;Baya;1;663;female;2015
DE212;Avaptisto;1;663;female;2015
DE212;Elyssa;1;663;female;2015
DE212;Elene;1;663;female;2015
DE212;Yelynn;1;663;female;2015
DE212;Nina-Theresa;1;663;female;2015
DE212;Rie;1;663;female;2015
DE212;Yvonne;1;663;female;2015
DE212;Yousra;1;663;female;2015
DE212;Amaya;1;663;female;2015
DE212;Alysha;1;663;female;2015
DE212;Androniki;1;663;female;2015
DE212;Kimia;1;663;female;2015
DE212;Malu;1;663;female;2015
DE212;Leony;1;663;female;2015
DE212;Felizia;1;663;female;2015
DE212;Haylie;1;663;female;2015
DE212;Carlina;1;663;female;2015
DE212;Cailin;1;663;female;2015
DE212;Lena-Marie;1;663;female;2015
DE212;Marie-Louise;1;663;female;2015
DE212;Asiel;1;663;female;2015
DE212;Vasiliki;1;663;female;2015
DE212;Indra;1;663;female;2015
DE212;Sveva;1;663;female;2015
DE212;Ellinor;1;663;female;2015
DE212;Sya;1;663;female;2015
DE212;Chanys;1;663;female;2015
DE212;Izabella;1;663;female;2015
DE212;Afra;1;663;female;2015
DE212;Evelin;1;663;female;2015
DE212;Arta;1;663;female;2015
DE212;Anneli;1;663;female;2015
DE212;Raziye;1;663;female;2015
DE212;Hanya;1;663;female;2015
DE212;Mai;1;663;female;2015
DE212;Emma-Sophie;1;663;female;2015
DE212;Sila-Saniye;1;663;female;2015
DE212;Labinota;1;663;female;2015
DE212;Havin;1;663;female;2015
DE212;Hanna-Sophie;1;663;female;2015
DE212;Elen;1;663;female;2015
DE212;Mensa;1;663;female;2015
DE212;Marianicol;1;663;female;2015
DE212;Solemia;1;663;female;2015
DE212;Lia-Luana;1;663;female;2015
DE212;Rezwana;1;663;female;2015
DE212;Phuong;1;663;female;2015
DE212;Serine;1;663;female;2015
DE212;Seline;1;663;female;2015
DE212;Iftu;1;663;female;2015
DE212;Vanesa;1;663;female;2015
DE212;Leopoldo;1;663;female;2015
DE212;Desina;1;663;female;2015
DE212;Tamira;1;663;female;2015
DE212;Judy;1;663;female;2015
DE212;Hedwig;1;663;female;2015
DE212;Bettina;1;663;female;2015
DE212;Barbara;1;663;female;2015
DE212;Xin;1;663;female;2015
DE212;Veselina;1;663;female;2015
DE212;Omaima;1;663;female;2015
DE212;Oliwia;1;663;female;2015
DE212;Anna-Antonia;1;663;female;2015
DE212;Feli;1;663;female;2015
DE212;Maxine;1;663;female;2015
DE212;Husna;1;663;female;2015
DE212;Medije;1;663;female;2015
DE212;Lina-Raschida;1;663;female;2015
DE212;Rasal;1;663;female;2015
DE212;Azelia;1;663;female;2015
DE212;Khadijah;1;663;female;2015
DE212;Nanako;1;663;female;2015
DE212;Sanam;1;663;female;2015
DE212;Berenike;1;663;female;2015
DE212;Yuno;1;663;female;2015
DE212;Setayesh;1;663;female;2015
DE212;Nada;1;663;female;2015
DE212;Stephanie;1;663;female;2015
DE212;Zsanett;1;663;female;2015
DE212;Zerina;1;663;female;2015
DE212;Assal;1;663;female;2015
DE212;Jusra;1;663;female;2015
DE212;Chava;1;663;female;2015
DE212;Aliza;1;663;female;2015
DE212;Ira;1;663;female;2015
DE212;Lisa-Marie;1;663;female;2015
DE212;Lijana;1;663;female;2015
DE212;Liesa;1;663;female;2015
DE212;Fernanda;1;663;female;2015
DE212;Cansu;1;663;female;2015
DE212;Kiira;1;663;female;2015
DE212;Mahdiya;1;663;female;2015
DE212;Surena;1;663;female;2015
DE212;Elifnur;1;663;female;2015
DE212;Kokoro;1;663;female;2015
DE212;Shan;1;663;female;2015
DE212;Lienah;1;663;female;2015
DE212;Ikram;1;663;female;2015
DE212;Loreen;1;663;female;2015
DE212;Alinda;1;663;female;2015
DE212;Xheneta;1;663;female;2015
DE212;Hafsa;1;663;female;2015
DE212;Beza;1;663;female;2015
DE212;Eos;1;663;female;2015
DE212;Zulhadiye;1;663;female;2015
DE212;Bllen;1;663;female;2015
DE212;Avdotia;1;663;female;2015
DE212;Miyako;1;663;female;2015
DE212;Nicola;1;663;female;2015
DE212;Leny;1;663;female;2015
DE212;Gülhayat;1;663;female;2015
DE212;Tihana;1;663;female;2015
DE212;Emmarell;1;663;female;2015
DE212;Dalin;1;663;female;2015
DE212;Zi-Hui;1;663;female;2015
DE212;Zhiyun;1;663;female;2015
DE212;Zanah;1;663;female;2015
DE212;Noshika;1;663;female;2015
DE212;Mirabella;1;663;female;2015
DE212;Hila;1;663;female;2015
DE212;Lela;1;663;female;2015
DE212;Costanza;1;663;female;2015
DE212;Scharazat;1;663;female;2015
DE212;Violet;1;663;female;2015
DE212;Zülal;1;663;female;2015
DE212;Chimamanda;1;663;female;2015
DE212;Uila;1;663;female;2015
DE212;Sinemis;1;663;female;2015
DE212;Aniela;1;663;female;2015
DE212;Antonela;1;663;female;2015
DE212;Ravza;1;663;female;2015
DE212;Almina;1;663;female;2015
DE212;Linn;1;663;female;2015
DE212;Giada;1;663;female;2015
DE212;Aditya;1;663;female;2015
DE212;Lira;1;663;female;2015
DE212;Kaya;1;663;female;2015
DE212;Odelia;1;663;female;2015
DE212;Ilenia;1;663;female;2015
DE212;Iglika;1;663;female;2015
DE212;Joana;1;663;female;2015
DE212;Luluah;1;663;female;2015
DE212;Dajla;1;663;female;2015
DE212;Lani;1;663;female;2015
DE212;Siddhi;1;663;female;2015
DE212;Bibi;1;663;female;2015
DE212;Aulona;1;663;female;2015
DE212;Athina;1;663;female;2015
DE212;Janna;1;663;female;2015
DE212;Melania;1;663;female;2015
DE212;Areti;1;663;female;2015
DE212;Almira;1;663;female;2015
DE212;Fabiana;1;663;female;2015
DE212;Luliana;1;663;female;2015
DE212;Lamiss;1;663;female;2015
DE212;Mariana;1;663;female;2015
DE212;Kawsar;1;663;female;2015
DE212;Suana;1;663;female;2015
DE212;Seba;1;663;female;2015
DE212;Fabiella;1;663;female;2015
DE212;Emma-Stephanie;1;663;female;2015
DE212;Blanka;1;663;female;2015
DE212;Monica;1;663;female;2015
DE212;Konstanze;1;663;female;2015
DE212;Zainab;1;663;female;2015
DE212;Yukie;1;663;female;2015
DE212;Ajlin;1;663;female;2015
DE212;Joni;1;663;female;2015
DE212;Fatimatou;1;663;female;2015
DE212;Elis;1;663;female;2015
DE212;Cetina;1;663;female;2015
DE212;Iveta;1;663;female;2015
DE212;Satayesh;1;663;female;2015
DE212;Selinay;1;663;female;2015
DE212;Diara-Aurelia;1;663;female;2015
DE212;Prisca;1;663;female;2015
DE212;Leonor-Luise;1;663;female;2015
DE212;Mushtaaq;1;663;female;2015
DE212;Rüküs;1;663;female;2015
DE212;Bra-Marie;1;663;female;2015
DE212;Milina;1;663;female;2015
DE212;Kamilla;1;663;female;2015
DE212;Tilly;1;663;female;2015
DE212;Kavin;1;663;female;2015
DE212;Aurela;1;663;female;2015
DE212;Lura;1;663;female;2015
DE212;Seya-Lena;1;663;female;2015
DE212;Karmen;1;663;female;2015
DE212;Diamond;1;663;female;2015
DE212;Alya;1;663;female;2015
DE212;Aila;1;663;female;2015
DE212;Lilit;1;663;female;2015
DE212;Lilien;1;663;female;2015
DE212;Leontine;1;663;female;2015
DE212;Terka-Maria;1;663;female;2015
DE212;Rongduo;1;663;female;2015
DE212;Asiyah;1;663;female;2015
DE212;Susana;1;663;female;2015
DE212;Vivian;1;663;female;2015
DE212;Siana;1;663;female;2015
DE212;Coumba;1;663;female;2015
DE212;Beyzanur;1;663;female;2015
DE212;Benita;1;663;female;2015
DE212;Thilda;1;663;female;2015
DE212;Ilona;1;663;female;2015
DE212;Rosalia;1;663;female;2015
DE212;Zahra;1;663;female;2015
DE212;Sindi;1;663;female;2015
DE212;Meriem;1;663;female;2015
DE212;Anissa;1;663;female;2015
DE212;Anthea;1;663;female;2015
DE212;Sul;1;663;female;2015
DE212;Nella;1;663;female;2015
DE212;Rayana;1;663;female;2015
DE212;Dijana;1;663;female;2015
DE212;Ahsen;1;663;female;2015
DE212;Rasan;1;663;female;2015
DE212;Lise;1;663;female;2015
DE212;Kate;1;663;female;2015
DE212;Giuliana;1;663;female;2015
DE212;Genevieve;1;663;female;2015
DE212;Florian;1;663;female;2015
DE212;Bui;1;663;female;2015
DE212;Fanny;1;663;female;2015
DE212;Eliona;1;663;female;2015
DE212;Ravenna;1;663;female;2015
DE212;Sabrine;1;663;female;2015
DE212;Derya;1;663;female;2015
DE212;Alan;1;663;female;2015
DE212;Azahara;1;663;female;2015
DE212;Liliane;1;663;female;2015
DE212;Ranim;1;663;female;2015
DE212;Samina;1;663;female;2015
DE212;Ida-Luise;1;663;female;2015
DE212;Keer;1;663;female;2015
DE212;Rosalia-Angela;1;663;female;2015
DE212;Jamie;1;663;female;2015
DE212;Lezma;1;663;female;2015
DE212;Pamo;1;663;female;2015
DE212;Noicha;1;663;female;2015
DE212;Xina;1;663;female;2015
DE212;Nikol;1;663;female;2015
DE212;Ria;1;663;female;2015
DE212;Laureen;1;663;female;2015
DE212;Seyran;1;663;female;2015
DE212;Semira;1;663;female;2015
DE212;Seren;1;663;female;2015
DE212;Soni;1;663;female;2015
DE212;Nadeen;1;663;female;2015
DE212;Nesrin;1;663;female;2015
DE212;Nergis;1;663;female;2015
DE212;Mika;1;663;female;2015
DE212;Aino;1;663;female;2015
DE212;Rahaf;1;663;female;2015
DE212;Lorea;1;663;female;2015
DE212;Samira-Rebecca;1;663;female;2015
DE212;Göksu;1;663;female;2015
DE212;Fee;1;663;female;2015
DE212;Rabea;1;663;female;2015
DE212;Karaca;1;663;female;2015
DE212;Emmanuela;1;663;female;2015
DE212;Emeli;1;663;female;2015
DE212;Eloise;1;663;female;2015
DE212;Aselya;1;663;female;2015
DE212;Oseremen;1;663;female;2015
DE212;Nikolett;1;663;female;2015
DE212;Christabel;1;663;female;2015
DE212;Zohal;1;663;female;2015
DE212;Ziza;1;663;female;2015
DE212;Erlisa;1;663;female;2015
DE212;Melody;1;663;female;2015
DE212;Evin;1;663;female;2015
DE212;Jette;1;663;female;2015
DE212;Maximiliane;1;663;female;2015
DE212;Jolie;1;663;female;2015
DE212;Hella;1;663;female;2015
DE212;Farah;1;663;female;2015
DE212;Elma;1;663;female;2015
DE212;Elva;1;663;female;2015
DE212;Meryem-Leyla;1;663;female;2015
DE212;Siyaneet;1;663;female;2015
DE212;Zilinda;1;663;female;2015
DE212;Neval;1;663;female;2015
DE212;Sevcan;1;663;female;2015
DE212;Emiglia;1;663;female;2015
DE212;Hanna-Liisa;1;663;female;2015
DE212;Delainy;1;663;female;2015
DE212;Hodinahandi;1;663;female;2015
DE212;Korina;1;663;female;2015
DE212;Yu;1;663;female;2015
DE212;Anahi;1;663;female;2015
DE212;Rumeysa;1;663;female;2015
DE212;Sajra;1;663;female;2015
DE212;Jolien;1;663;female;2015
DE212;Hanasa;1;663;female;2015
DE212;Kesane;1;663;female;2015
DE212;Ruksana;1;663;female;2015
DE212;Morea;1;663;female;2015
DE212;Lucia-Valeria;1;663;female;2015
DE212;Burte-Ujin;1;663;female;2015
DE212;Valsa;1;663;female;2015
DE212;Davorah;1;663;female;2015
DE212;Meklit;1;663;female;2015
DE212;Laryssa;1;663;female;2015
DE212;Firdaous;1;663;female;2015
DE212;Cäcilia;1;663;female;2015
DE212;Kyla;1;663;female;2015
DE212;Bana;1;663;female;2015
DE212;Ann-Marie;1;663;female;2015
DE212;Poppy;1;663;female;2015
DE212;Samara;1;663;female;2015
DE212;Jil;1;663;female;2015
DE212;Mija;1;663;female;2015
DE212;Naz;1;663;female;2015
DE212;Amena;1;663;female;2015
DE212;Adella;1;663;female;2015
DE212;Natalin;1;663;female;2015
DE212;Keylani;1;663;female;2015
DE212;Arona;1;663;female;2015
DE212;Argjenda;1;663;female;2015
DE212;Faye;1;663;female;2015
DE212;Elissa;1;663;female;2015
DE212;Luriana;1;663;female;2015
DE212;Leevke;1;663;female;2015
DE212;Büve;1;663;female;2015
DE212;Miyu;1;663;female;2015
DE212;Fatdma;1;663;female;2015
DE212;Haruyoshi;1;663;female;2015
DE212;Mahya;1;663;female;2015
DE212;Biftu;1;663;female;2015
DE212;Inessa;1;663;female;2015
DE212;Kamila;1;663;female;2015
DE212;Aline;1;663;female;2015
DE212;Sonya;1;663;female;2015
DE212;Angelica;1;663;female;2015
DE212;Anita;1;663;female;2015
DE212;Moska;1;663;female;2015
DE212;Ilana;1;663;female;2015
DE212;Lorenza;1;663;female;2015
DE212;Amera;1;663;female;2015
DE212;Asile;1;663;female;2015
DE212;Nilab;1;663;female;2015
DE212;Leanne;1;663;female;2015
DE212;Humira;1;663;female;2015
DE212;Vasilisa;1;663;female;2015
DE212;Dariya;1;663;female;2015
DE212;Chaya;1;663;female;2015
DE212;Luz;1;663;female;2015
DE212;Ilke;1;663;female;2015
DE212;Maelys;1;663;female;2015
DE212;Lena-Sophia;1;663;female;2015
DE212;Kathrin;1;663;female;2015
DE212;Roza;1;663;female;2015
DE212;Amala;1;663;female;2015
DE212;Diara;1;663;female;2015
DE212;Molly;1;663;female;2015
DE212;Ilena;1;663;female;2015
DE212;Aileen;1;663;female;2015
DE212;Hosna;1;663;female;2015
DE212;Katia;1;663;female;2015
DE212;Heloisa;1;663;female;2015